"Period_3y","ct","ct_anomaly_months","ct_anomaly_days"
1,7.11052031902773,0.159081786039986,4.84244956705719
2,6.97375,0.0223114670122611,0.679161055853227
3,7.21656976744186,0.265131234454121,8.07059477678345
4,7.10901162790698,0.157573094919237,4.79652500934158
5,7.03550295857988,0.0840644255921426,2.55892111502482
6,6.88806758183738,-0.0633709511503593,-1.92901175301694
7,6.82261904761905,-0.128819485368691,-3.92126513462296
8,6.5220700152207,-0.429368517767039,-13.0699776808287
9,6.88483547925608,-0.066603053731658,-2.02739695559167
